Label,Optimised Threshold
admiration,0.53
amusement,0.44
anger,0.47000000000000003
annoyance,0.49
approval,0.44
caring,0.47000000000000003
confusion,0.45
curiosity,0.51
desire,0.44
disappointment,0.43
disapproval,0.8
disgust_group,0.67
joy_group,0.29000000000000004
fear_group,0.6900000000000001
gratitude,0.2
sadness_group,0.28
love,0.33
optimism,0.16
pride,0.09
realization_group,0.76
remorse_group,0.2
neutral,0.63
